SpO2,Category
90.7,Low Blood Oxygen levels
96.5,Normal Blood Oxygen levels
90.1,Low Blood Oxygen levels
95.7,Normal Blood Oxygen levels
67.0,Cyanosis
67.0,Cyanosis
96.9,Normal Blood Oxygen levels
67.0,Cyanosis
83.8,Low Blood Oxygen levels that can affect your brain
90.4,Low Blood Oxygen levels
90.1,Low Blood Oxygen levels
90.5,Low Blood Oxygen levels
90.7,Low Blood Oxygen levels
90.5,Low Blood Oxygen levels
90.9,Low Blood Oxygen levels
91.8,Concerning Blood Oxygen levels
90.3,Low Blood Oxygen levels
67.0,Cyanosis
90.5,Low Blood Oxygen levels
90.3,Low Blood Oxygen levels
92.7,Concerning Blood Oxygen levels
90.8,Low Blood Oxygen levels
90.3,Low Blood Oxygen levels
90.6,Low Blood Oxygen levels
90.8,Low Blood Oxygen levels
90.9,Low Blood Oxygen levels
98.7,Normal Blood Oxygen levels
97.2,Normal Blood Oxygen levels
99.2,Normal Blood Oxygen levels
67.0,Cyanosis
84.1,Low Blood Oxygen levels that can affect your brain
90.1,Low Blood Oxygen levels
83.8,Low Blood Oxygen levels that can affect your brain
80.2,Low Blood Oxygen levels that can affect your brain
67.0,Cyanosis
90.4,Low Blood Oxygen levels
67.0,Cyanosis
98.8,Normal Blood Oxygen levels
81.5,Low Blood Oxygen levels that can affect your brain
90.7,Low Blood Oxygen levels
82.3,Low Blood Oxygen levels that can affect your brain
67.0,Cyanosis
90.5,Low Blood Oxygen levels
95.9,Normal Blood Oxygen levels
83.9,Low Blood Oxygen levels that can affect your brain
90.4,Low Blood Oxygen levels
90.4,Low Blood Oxygen levels
90.5,Low Blood Oxygen levels
81.3,Low Blood Oxygen levels that can affect your brain
67.0,Cyanosis
91.4,Concerning Blood Oxygen levels
67.0,Cyanosis
67.0,Cyanosis
83.3,Low Blood Oxygen levels that can affect your brain
93.7,Concerning Blood Oxygen levels
84.0,Low Blood Oxygen levels that can affect your brain
84.7,Low Blood Oxygen levels that can affect your brain
92.2,Concerning Blood Oxygen levels
90.4,Low Blood Oxygen levels
91.0,Low Blood Oxygen levels
80.2,Low Blood Oxygen levels that can affect your brain
97.7,Normal Blood Oxygen levels
98.4,Normal Blood Oxygen levels
81.9,Low Blood Oxygen levels that can affect your brain
84.3,Low Blood Oxygen levels that can affect your brain
67.0,Cyanosis
90.1,Low Blood Oxygen levels
82.0,Low Blood Oxygen levels that can affect your brain
90.9,Low Blood Oxygen levels
90.2,Low Blood Oxygen levels
94.5,Concerning Blood Oxygen levels
83.2,Low Blood Oxygen levels that can affect your brain
91.4,Concerning Blood Oxygen levels
83.7,Low Blood Oxygen levels that can affect your brain
97.4,Normal Blood Oxygen levels
93.8,Concerning Blood Oxygen levels
84.8,Low Blood Oxygen levels that can affect your brain
90.9,Low Blood Oxygen levels
91.1,Concerning Blood Oxygen levels
67.0,Cyanosis
91.0,Low Blood Oxygen levels
82.9,Low Blood Oxygen levels that can affect your brain
81.4,Low Blood Oxygen levels that can affect your brain
93.9,Concerning Blood Oxygen levels
90.3,Low Blood Oxygen levels
84.9,Low Blood Oxygen levels that can affect your brain
91.0,Low Blood Oxygen levels
80.6,Low Blood Oxygen levels that can affect your brain
90.1,Low Blood Oxygen levels
92.4,Concerning Blood Oxygen levels
80.1,Low Blood Oxygen levels that can affect your brain
93.4,Concerning Blood Oxygen levels
90.1,Low Blood Oxygen levels
90.5,Low Blood Oxygen levels
84.6,Low Blood Oxygen levels that can affect your brain
84.8,Low Blood Oxygen levels that can affect your brain
97.2,Normal Blood Oxygen levels
67.0,Cyanosis
81.2,Low Blood Oxygen levels that can affect your brain
84.9,Low Blood Oxygen levels that can affect your brain
100.0,Normal Blood Oxygen levels
90.4,Low Blood Oxygen levels
82.9,Low Blood Oxygen levels that can affect your brain
67.0,Cyanosis
99.6,Normal Blood Oxygen levels
84.6,Low Blood Oxygen levels that can affect your brain
90.9,Low Blood Oxygen levels
84.9,Low Blood Oxygen levels that can affect your brain
67.0,Cyanosis
96.2,Normal Blood Oxygen levels
90.1,Low Blood Oxygen levels
67.0,Cyanosis
82.9,Low Blood Oxygen levels that can affect your brain
90.4,Low Blood Oxygen levels
90.6,Low Blood Oxygen levels
90.9,Low Blood Oxygen levels
98.2,Normal Blood Oxygen levels
93.7,Concerning Blood Oxygen levels
85.0,Low Blood Oxygen levels that can affect your brain
80.8,Low Blood Oxygen levels that can affect your brain
90.8,Low Blood Oxygen levels
67.0,Cyanosis
90.8,Low Blood Oxygen levels
67.0,Cyanosis
67.0,Cyanosis
92.6,Concerning Blood Oxygen levels
90.1,Low Blood Oxygen levels
96.1,Normal Blood Oxygen levels
96.5,Normal Blood Oxygen levels
92.7,Concerning Blood Oxygen levels
81.4,Low Blood Oxygen levels that can affect your brain
90.1,Low Blood Oxygen levels
91.4,Concerning Blood Oxygen levels
95.0,Normal Blood Oxygen levels
95.9,Normal Blood Oxygen levels
91.4,Concerning Blood Oxygen levels
96.5,Normal Blood Oxygen levels
90.6,Low Blood Oxygen levels
90.8,Low Blood Oxygen levels
94.2,Concerning Blood Oxygen levels
94.3,Concerning Blood Oxygen levels
90.2,Low Blood Oxygen levels
90.2,Low Blood Oxygen levels
96.5,Normal Blood Oxygen levels
96.8,Normal Blood Oxygen levels
90.8,Low Blood Oxygen levels
90.5,Low Blood Oxygen levels
92.1,Concerning Blood Oxygen levels
98.2,Normal Blood Oxygen levels
83.1,Low Blood Oxygen levels that can affect your brain
67.0,Cyanosis
83.9,Low Blood Oxygen levels that can affect your brain
90.9,Low Blood Oxygen levels
98.9,Normal Blood Oxygen levels
97.5,Normal Blood Oxygen levels
98.9,Normal Blood Oxygen levels
91.1,Concerning Blood Oxygen levels
90.3,Low Blood Oxygen levels
67.0,Cyanosis
90.7,Low Blood Oxygen levels
95.7,Normal Blood Oxygen levels
81.4,Low Blood Oxygen levels that can affect your brain
84.7,Low Blood Oxygen levels that can affect your brain
97.0,Normal Blood Oxygen levels
82.0,Low Blood Oxygen levels that can affect your brain
81.6,Low Blood Oxygen levels that can affect your brain
67.0,Cyanosis
81.8,Low Blood Oxygen levels that can affect your brain
90.4,Low Blood Oxygen levels
95.9,Normal Blood Oxygen levels
83.2,Low Blood Oxygen levels that can affect your brain
90.6,Low Blood Oxygen levels
90.8,Low Blood Oxygen levels
90.2,Low Blood Oxygen levels
67.0,Cyanosis
84.9,Low Blood Oxygen levels that can affect your brain
90.4,Low Blood Oxygen levels
90.2,Low Blood Oxygen levels
84.6,Low Blood Oxygen levels that can affect your brain
90.5,Low Blood Oxygen levels
84.9,Low Blood Oxygen levels that can affect your brain
67.0,Cyanosis
90.9,Low Blood Oxygen levels
90.1,Low Blood Oxygen levels
90.9,Low Blood Oxygen levels
90.1,Low Blood Oxygen levels
90.0,Low Blood Oxygen levels
90.4,Low Blood Oxygen levels
97.5,Normal Blood Oxygen levels
90.1,Low Blood Oxygen levels
94.4,Concerning Blood Oxygen levels
90.1,Low Blood Oxygen levels
97.4,Normal Blood Oxygen levels
90.7,Low Blood Oxygen levels
90.8,Low Blood Oxygen levels
90.5,Low Blood Oxygen levels
95.0,Concerning Blood Oxygen levels
90.4,Low Blood Oxygen levels
97.8,Normal Blood Oxygen levels
93.4,Concerning Blood Oxygen levels
67.0,Cyanosis
90.9,Low Blood Oxygen levels
82.0,Low Blood Oxygen levels that can affect your brain
92.3,Concerning Blood Oxygen levels
83.7,Low Blood Oxygen levels that can affect your brain
67.0,Cyanosis
81.0,Low Blood Oxygen levels that can affect your brain
94.5,Concerning Blood Oxygen levels
67.0,Cyanosis
90.4,Low Blood Oxygen levels
90.3,Low Blood Oxygen levels
90.2,Low Blood Oxygen levels
90.1,Low Blood Oxygen levels
80.3,Low Blood Oxygen levels that can affect your brain
92.6,Concerning Blood Oxygen levels
90.7,Low Blood Oxygen levels
95.3,Normal Blood Oxygen levels
94.3,Concerning Blood Oxygen levels
90.2,Low Blood Oxygen levels
90.6,Low Blood Oxygen levels
83.8,Low Blood Oxygen levels that can affect your brain
90.7,Low Blood Oxygen levels
93.2,Concerning Blood Oxygen levels
82.3,Low Blood Oxygen levels that can affect your brain
67.0,Cyanosis
94.6,Concerning Blood Oxygen levels
90.4,Low Blood Oxygen levels
93.4,Concerning Blood Oxygen levels
90.9,Low Blood Oxygen levels
100.0,Normal Blood Oxygen levels
90.1,Low Blood Oxygen levels
80.5,Low Blood Oxygen levels that can affect your brain
90.4,Low Blood Oxygen levels
90.1,Low Blood Oxygen levels
90.3,Low Blood Oxygen levels
94.4,Concerning Blood Oxygen levels
80.0,Low Blood Oxygen levels that can affect your brain
90.7,Low Blood Oxygen levels
83.6,Low Blood Oxygen levels that can affect your brain
67.0,Cyanosis
67.0,Cyanosis
96.7,Normal Blood Oxygen levels
91.5,Concerning Blood Oxygen levels
91.5,Concerning Blood Oxygen levels
81.8,Low Blood Oxygen levels that can affect your brain
90.5,Low Blood Oxygen levels
90.7,Low Blood Oxygen levels
90.6,Low Blood Oxygen levels
90.3,Low Blood Oxygen levels
67.0,Cyanosis
67.0,Cyanosis
82.3,Low Blood Oxygen levels that can affect your brain
67.0,Cyanosis
90.5,Low Blood Oxygen levels
80.9,Low Blood Oxygen levels that can affect your brain
90.1,Low Blood Oxygen levels
67.0,Cyanosis
97.6,Normal Blood Oxygen levels
67.0,Cyanosis
92.7,Concerning Blood Oxygen levels
67.0,Cyanosis
97.3,Normal Blood Oxygen levels
92.2,Concerning Blood Oxygen levels
90.2,Low Blood Oxygen levels
90.7,Low Blood Oxygen levels
91.1,Concerning Blood Oxygen levels
92.7,Concerning Blood Oxygen levels
95.1,Normal Blood Oxygen levels
91.0,Low Blood Oxygen levels
94.2,Concerning Blood Oxygen levels
90.2,Low Blood Oxygen levels
90.1,Low Blood Oxygen levels
90.0,Low Blood Oxygen levels
91.9,Concerning Blood Oxygen levels
91.8,Concerning Blood Oxygen levels
98.1,Normal Blood Oxygen levels
84.9,Low Blood Oxygen levels that can affect your brain
90.6,Low Blood Oxygen levels
98.6,Normal Blood Oxygen levels
82.6,Low Blood Oxygen levels that can affect your brain
67.0,Cyanosis
90.7,Low Blood Oxygen levels
94.0,Concerning Blood Oxygen levels
91.8,Concerning Blood Oxygen levels
94.9,Concerning Blood Oxygen levels
90.1,Low Blood Oxygen levels
90.9,Low Blood Oxygen levels
91.0,Concerning Blood Oxygen levels
90.2,Low Blood Oxygen levels
84.8,Low Blood Oxygen levels that can affect your brain
84.4,Low Blood Oxygen levels that can affect your brain
97.4,Normal Blood Oxygen levels
90.3,Low Blood Oxygen levels
99.5,Normal Blood Oxygen levels
90.8,Low Blood Oxygen levels
99.3,Normal Blood Oxygen levels
90.8,Low Blood Oxygen levels
90.1,Low Blood Oxygen levels
83.4,Low Blood Oxygen levels that can affect your brain
95.7,Normal Blood Oxygen levels
90.2,Low Blood Oxygen levels
82.7,Low Blood Oxygen levels that can affect your brain
90.9,Low Blood Oxygen levels
98.0,Normal Blood Oxygen levels
80.5,Low Blood Oxygen levels that can affect your brain
67.0,Cyanosis
81.7,Low Blood Oxygen levels that can affect your brain
90.0,Low Blood Oxygen levels
67.0,Cyanosis
81.3,Low Blood Oxygen levels that can affect your brain
67.0,Cyanosis
90.0,Low Blood Oxygen levels
97.3,Normal Blood Oxygen levels
84.6,Low Blood Oxygen levels that can affect your brain
90.5,Low Blood Oxygen levels
95.6,Normal Blood Oxygen levels
95.7,Normal Blood Oxygen levels
90.6,Low Blood Oxygen levels
90.6,Low Blood Oxygen levels
90.2,Low Blood Oxygen levels
67.0,Cyanosis
97.4,Normal Blood Oxygen levels
93.5,Concerning Blood Oxygen levels
90.6,Low Blood Oxygen levels
90.1,Low Blood Oxygen levels
92.4,Concerning Blood Oxygen levels
90.1,Low Blood Oxygen levels
83.3,Low Blood Oxygen levels that can affect your brain
90.1,Low Blood Oxygen levels
90.7,Low Blood Oxygen levels
81.9,Low Blood Oxygen levels that can affect your brain
90.8,Low Blood Oxygen levels
93.5,Concerning Blood Oxygen levels
82.6,Low Blood Oxygen levels that can affect your brain
67.0,Cyanosis
92.5,Concerning Blood Oxygen levels
92.9,Concerning Blood Oxygen levels
84.9,Low Blood Oxygen levels that can affect your brain
67.0,Cyanosis
97.4,Normal Blood Oxygen levels
96.9,Normal Blood Oxygen levels
90.1,Low Blood Oxygen levels
67.0,Cyanosis
95.8,Normal Blood Oxygen levels
97.1,Normal Blood Oxygen levels
81.2,Low Blood Oxygen levels that can affect your brain
98.7,Normal Blood Oxygen levels
84.6,Low Blood Oxygen levels that can affect your brain
97.0,Normal Blood Oxygen levels
90.1,Low Blood Oxygen levels
67.0,Cyanosis
67.0,Cyanosis
67.0,Cyanosis
90.9,Low Blood Oxygen levels
90.3,Low Blood Oxygen levels
99.6,Normal Blood Oxygen levels
99.3,Normal Blood Oxygen levels
90.9,Low Blood Oxygen levels
98.8,Normal Blood Oxygen levels
97.4,Normal Blood Oxygen levels
90.6,Low Blood Oxygen levels
93.9,Concerning Blood Oxygen levels
67.0,Cyanosis
82.5,Low Blood Oxygen levels that can affect your brain
67.0,Cyanosis
90.6,Low Blood Oxygen levels
94.5,Concerning Blood Oxygen levels
83.0,Low Blood Oxygen levels that can affect your brain
84.6,Low Blood Oxygen levels that can affect your brain
93.8,Concerning Blood Oxygen levels
82.5,Low Blood Oxygen levels that can affect your brain
81.8,Low Blood Oxygen levels that can affect your brain
67.0,Cyanosis
94.2,Concerning Blood Oxygen levels
82.3,Low Blood Oxygen levels that can affect your brain
90.3,Low Blood Oxygen levels
91.0,Low Blood Oxygen levels
98.7,Normal Blood Oxygen levels
99.3,Normal Blood Oxygen levels
90.6,Low Blood Oxygen levels
92.0,Concerning Blood Oxygen levels
90.1,Low Blood Oxygen levels
91.0,Low Blood Oxygen levels
83.2,Low Blood Oxygen levels that can affect your brain
91.1,Concerning Blood Oxygen levels
90.7,Low Blood Oxygen levels
90.2,Low Blood Oxygen levels
82.9,Low Blood Oxygen levels that can affect your brain
90.7,Low Blood Oxygen levels
90.5,Low Blood Oxygen levels
97.5,Normal Blood Oxygen levels
91.2,Concerning Blood Oxygen levels
95.5,Normal Blood Oxygen levels
91.0,Low Blood Oxygen levels
91.7,Concerning Blood Oxygen levels
82.6,Low Blood Oxygen levels that can affect your brain
67.0,Cyanosis
67.0,Cyanosis
67.0,Cyanosis
90.4,Low Blood Oxygen levels
80.7,Low Blood Oxygen levels that can affect your brain
80.0,Low Blood Oxygen levels that can affect your brain
93.8,Concerning Blood Oxygen levels
92.5,Concerning Blood Oxygen levels
97.6,Normal Blood Oxygen levels
84.2,Low Blood Oxygen levels that can affect your brain
90.9,Low Blood Oxygen levels
81.0,Low Blood Oxygen levels that can affect your brain
90.3,Low Blood Oxygen levels
94.0,Concerning Blood Oxygen levels
67.0,Cyanosis
90.7,Low Blood Oxygen levels
92.7,Concerning Blood Oxygen levels
96.1,Normal Blood Oxygen levels
83.2,Low Blood Oxygen levels that can affect your brain
90.9,Low Blood Oxygen levels
90.3,Low Blood Oxygen levels
95.6,Normal Blood Oxygen levels
81.3,Low Blood Oxygen levels that can affect your brain
92.6,Concerning Blood Oxygen levels
90.4,Low Blood Oxygen levels
83.3,Low Blood Oxygen levels that can affect your brain
90.4,Low Blood Oxygen levels
91.6,Concerning Blood Oxygen levels
97.9,Normal Blood Oxygen levels
80.7,Low Blood Oxygen levels that can affect your brain
97.8,Normal Blood Oxygen levels
92.2,Concerning Blood Oxygen levels
84.1,Low Blood Oxygen levels that can affect your brain
90.7,Low Blood Oxygen levels
92.9,Concerning Blood Oxygen levels
98.6,Normal Blood Oxygen levels
67.0,Cyanosis
91.0,Low Blood Oxygen levels
84.0,Low Blood Oxygen levels that can affect your brain
90.5,Low Blood Oxygen levels
90.2,Low Blood Oxygen levels
94.6,Concerning Blood Oxygen levels
90.7,Low Blood Oxygen levels
83.7,Low Blood Oxygen levels that can affect your brain
95.6,Normal Blood Oxygen levels
93.7,Concerning Blood Oxygen levels
83.0,Low Blood Oxygen levels that can affect your brain
80.7,Low Blood Oxygen levels that can affect your brain
90.6,Low Blood Oxygen levels
90.8,Low Blood Oxygen levels
90.9,Low Blood Oxygen levels
90.4,Low Blood Oxygen levels
81.0,Low Blood Oxygen levels that can affect your brain
93.3,Concerning Blood Oxygen levels
83.5,Low Blood Oxygen levels that can affect your brain
90.5,Low Blood Oxygen levels
67.0,Cyanosis
81.4,Low Blood Oxygen levels that can affect your brain
90.2,Low Blood Oxygen levels
90.5,Low Blood Oxygen levels
83.7,Low Blood Oxygen levels that can affect your brain
90.8,Low Blood Oxygen levels
90.8,Low Blood Oxygen levels
90.7,Low Blood Oxygen levels
90.7,Low Blood Oxygen levels
98.4,Normal Blood Oxygen levels
90.3,Low Blood Oxygen levels
90.2,Low Blood Oxygen levels
67.0,Cyanosis
94.2,Concerning Blood Oxygen levels
93.8,Concerning Blood Oxygen levels
67.0,Cyanosis
67.0,Cyanosis
97.1,Normal Blood Oxygen levels
95.2,Normal Blood Oxygen levels
82.2,Low Blood Oxygen levels that can affect your brain
90.3,Low Blood Oxygen levels
96.9,Normal Blood Oxygen levels
90.2,Low Blood Oxygen levels
81.7,Low Blood Oxygen levels that can affect your brain
67.0,Cyanosis
82.8,Low Blood Oxygen levels that can affect your brain
91.2,Concerning Blood Oxygen levels
92.1,Concerning Blood Oxygen levels
91.0,Low Blood Oxygen levels
67.0,Cyanosis
98.7,Normal Blood Oxygen levels
67.0,Cyanosis
94.8,Concerning Blood Oxygen levels
93.3,Concerning Blood Oxygen levels
83.1,Low Blood Oxygen levels that can affect your brain
84.8,Low Blood Oxygen levels that can affect your brain
94.4,Concerning Blood Oxygen levels
80.4,Low Blood Oxygen levels that can affect your brain
96.6,Normal Blood Oxygen levels
90.8,Low Blood Oxygen levels
90.1,Low Blood Oxygen levels
67.0,Cyanosis
90.5,Low Blood Oxygen levels
90.9,Low Blood Oxygen levels
90.3,Low Blood Oxygen levels
67.0,Cyanosis
91.5,Concerning Blood Oxygen levels
90.8,Low Blood Oxygen levels
90.6,Low Blood Oxygen levels
80.3,Low Blood Oxygen levels that can affect your brain
91.5,Concerning Blood Oxygen levels
90.8,Low Blood Oxygen levels
90.1,Low Blood Oxygen levels
93.1,Concerning Blood Oxygen levels
90.6,Low Blood Oxygen levels
99.7,Normal Blood Oxygen levels
92.5,Concerning Blood Oxygen levels
84.2,Low Blood Oxygen levels that can affect your brain
90.3,Low Blood Oxygen levels
90.9,Low Blood Oxygen levels
80.3,Low Blood Oxygen levels that can affect your brain
90.5,Low Blood Oxygen levels
90.6,Low Blood Oxygen levels
97.9,Normal Blood Oxygen levels
91.2,Concerning Blood Oxygen levels
93.6,Concerning Blood Oxygen levels
81.8,Low Blood Oxygen levels that can affect your brain
83.7,Low Blood Oxygen levels that can affect your brain
82.4,Low Blood Oxygen levels that can affect your brain
81.7,Low Blood Oxygen levels that can affect your brain
91.3,Concerning Blood Oxygen levels
90.5,Low Blood Oxygen levels
90.5,Low Blood Oxygen levels
95.1,Normal Blood Oxygen levels
93.6,Concerning Blood Oxygen levels
90.7,Low Blood Oxygen levels
93.8,Concerning Blood Oxygen levels
67.0,Cyanosis
67.0,Cyanosis
93.6,Concerning Blood Oxygen levels
95.8,Normal Blood Oxygen levels
84.6,Low Blood Oxygen levels that can affect your brain
92.3,Concerning Blood Oxygen levels
90.3,Low Blood Oxygen levels
84.3,Low Blood Oxygen levels that can affect your brain
81.9,Low Blood Oxygen levels that can affect your brain
80.1,Low Blood Oxygen levels that can affect your brain
81.9,Low Blood Oxygen levels that can affect your brain
84.1,Low Blood Oxygen levels that can affect your brain
90.5,Low Blood Oxygen levels
67.0,Cyanosis
95.6,Normal Blood Oxygen levels
67.0,Cyanosis
91.6,Concerning Blood Oxygen levels
84.5,Low Blood Oxygen levels that can affect your brain
94.3,Concerning Blood Oxygen levels
95.0,Normal Blood Oxygen levels
90.2,Low Blood Oxygen levels
97.5,Normal Blood Oxygen levels
67.0,Cyanosis
85.0,Low Blood Oxygen levels that can affect your brain
90.9,Low Blood Oxygen levels
80.6,Low Blood Oxygen levels that can affect your brain
90.9,Low Blood Oxygen levels
90.1,Low Blood Oxygen levels
80.6,Low Blood Oxygen levels that can affect your brain
93.9,Concerning Blood Oxygen levels
99.0,Normal Blood Oxygen levels
67.0,Cyanosis
91.0,Low Blood Oxygen levels
90.7,Low Blood Oxygen levels
92.5,Concerning Blood Oxygen levels
99.7,Normal Blood Oxygen levels
67.0,Cyanosis
90.5,Low Blood Oxygen levels
90.1,Low Blood Oxygen levels
67.0,Cyanosis
82.1,Low Blood Oxygen levels that can affect your brain
81.6,Low Blood Oxygen levels that can affect your brain
94.2,Concerning Blood Oxygen levels
81.4,Low Blood Oxygen levels that can affect your brain
81.7,Low Blood Oxygen levels that can affect your brain
90.7,Low Blood Oxygen levels
67.0,Cyanosis
81.0,Low Blood Oxygen levels that can affect your brain
67.0,Cyanosis
92.7,Concerning Blood Oxygen levels
80.7,Low Blood Oxygen levels that can affect your brain
94.5,Concerning Blood Oxygen levels
84.9,Low Blood Oxygen levels that can affect your brain
67.0,Cyanosis
81.0,Low Blood Oxygen levels that can affect your brain
97.6,Normal Blood Oxygen levels
91.9,Concerning Blood Oxygen levels
83.5,Low Blood Oxygen levels that can affect your brain
96.8,Normal Blood Oxygen levels
90.3,Low Blood Oxygen levels
90.1,Low Blood Oxygen levels
81.2,Low Blood Oxygen levels that can affect your brain
94.2,Concerning Blood Oxygen levels
99.2,Normal Blood Oxygen levels
91.9,Concerning Blood Oxygen levels
90.6,Low Blood Oxygen levels
67.0,Cyanosis
92.9,Concerning Blood Oxygen levels
81.1,Low Blood Oxygen levels that can affect your brain
80.8,Low Blood Oxygen levels that can affect your brain
96.4,Normal Blood Oxygen levels
82.8,Low Blood Oxygen levels that can affect your brain
97.2,Normal Blood Oxygen levels
90.1,Low Blood Oxygen levels
94.2,Concerning Blood Oxygen levels
90.7,Low Blood Oxygen levels
84.7,Low Blood Oxygen levels that can affect your brain
80.4,Low Blood Oxygen levels that can affect your brain
83.2,Low Blood Oxygen levels that can affect your brain
83.7,Low Blood Oxygen levels that can affect your brain
94.8,Concerning Blood Oxygen levels
81.0,Low Blood Oxygen levels that can affect your brain
90.1,Low Blood Oxygen levels
90.1,Low Blood Oxygen levels
94.8,Concerning Blood Oxygen levels
81.6,Low Blood Oxygen levels that can affect your brain
67.0,Cyanosis
80.3,Low Blood Oxygen levels that can affect your brain
90.7,Low Blood Oxygen levels
94.2,Concerning Blood Oxygen levels
93.8,Concerning Blood Oxygen levels
82.2,Low Blood Oxygen levels that can affect your brain
67.0,Cyanosis
67.0,Cyanosis
90.1,Low Blood Oxygen levels
90.6,Low Blood Oxygen levels
90.7,Low Blood Oxygen levels
91.9,Concerning Blood Oxygen levels
94.4,Concerning Blood Oxygen levels
83.3,Low Blood Oxygen levels that can affect your brain
82.3,Low Blood Oxygen levels that can affect your brain
94.1,Concerning Blood Oxygen levels
67.0,Cyanosis
92.0,Concerning Blood Oxygen levels
82.7,Low Blood Oxygen levels that can affect your brain
90.8,Low Blood Oxygen levels
90.3,Low Blood Oxygen levels
90.2,Low Blood Oxygen levels
92.9,Concerning Blood Oxygen levels
92.6,Concerning Blood Oxygen levels
91.5,Concerning Blood Oxygen levels
90.0,Low Blood Oxygen levels
91.0,Concerning Blood Oxygen levels
90.8,Low Blood Oxygen levels
67.0,Cyanosis
94.3,Concerning Blood Oxygen levels
83.0,Low Blood Oxygen levels that can affect your brain
90.6,Low Blood Oxygen levels
82.6,Low Blood Oxygen levels that can affect your brain
84.9,Low Blood Oxygen levels that can affect your brain
67.0,Cyanosis
93.3,Concerning Blood Oxygen levels
83.9,Low Blood Oxygen levels that can affect your brain
67.0,Cyanosis
83.9,Low Blood Oxygen levels that can affect your brain
67.0,Cyanosis
82.1,Low Blood Oxygen levels that can affect your brain
67.0,Cyanosis
81.7,Low Blood Oxygen levels that can affect your brain
90.1,Low Blood Oxygen levels
67.0,Cyanosis
90.8,Low Blood Oxygen levels
90.6,Low Blood Oxygen levels
83.4,Low Blood Oxygen levels that can affect your brain
91.0,Low Blood Oxygen levels
90.7,Low Blood Oxygen levels
97.2,Normal Blood Oxygen levels
92.8,Concerning Blood Oxygen levels
81.5,Low Blood Oxygen levels that can affect your brain
83.2,Low Blood Oxygen levels that can affect your brain
90.3,Low Blood Oxygen levels
67.0,Cyanosis
91.6,Concerning Blood Oxygen levels
83.5,Low Blood Oxygen levels that can affect your brain
91.0,Low Blood Oxygen levels
83.8,Low Blood Oxygen levels that can affect your brain
90.8,Low Blood Oxygen levels
67.0,Cyanosis
90.5,Low Blood Oxygen levels
94.8,Concerning Blood Oxygen levels
81.5,Low Blood Oxygen levels that can affect your brain
80.4,Low Blood Oxygen levels that can affect your brain
90.7,Low Blood Oxygen levels
91.0,Low Blood Oxygen levels
90.3,Low Blood Oxygen levels
94.6,Concerning Blood Oxygen levels
67.0,Cyanosis
80.8,Low Blood Oxygen levels that can affect your brain
90.9,Low Blood Oxygen levels
90.4,Low Blood Oxygen levels
90.9,Low Blood Oxygen levels
83.7,Low Blood Oxygen levels that can affect your brain
67.0,Cyanosis
67.0,Cyanosis
67.0,Cyanosis
84.8,Low Blood Oxygen levels that can affect your brain
82.4,Low Blood Oxygen levels that can affect your brain
84.9,Low Blood Oxygen levels that can affect your brain
80.2,Low Blood Oxygen levels that can affect your brain
82.6,Low Blood Oxygen levels that can affect your brain
67.0,Cyanosis
82.1,Low Blood Oxygen levels that can affect your brain
98.6,Normal Blood Oxygen levels
91.2,Concerning Blood Oxygen levels
81.5,Low Blood Oxygen levels that can affect your brain
92.3,Concerning Blood Oxygen levels
90.9,Low Blood Oxygen levels
99.7,Normal Blood Oxygen levels
90.5,Low Blood Oxygen levels
92.3,Concerning Blood Oxygen levels
80.7,Low Blood Oxygen levels that can affect your brain
80.3,Low Blood Oxygen levels that can affect your brain
83.8,Low Blood Oxygen levels that can affect your brain
67.0,Cyanosis
96.4,Normal Blood Oxygen levels
80.9,Low Blood Oxygen levels that can affect your brain
92.2,Concerning Blood Oxygen levels
83.2,Low Blood Oxygen levels that can affect your brain
83.9,Low Blood Oxygen levels that can affect your brain
90.5,Low Blood Oxygen levels
82.0,Low Blood Oxygen levels that can affect your brain
67.0,Cyanosis
91.7,Concerning Blood Oxygen levels
90.8,Low Blood Oxygen levels
90.8,Low Blood Oxygen levels
84.5,Low Blood Oxygen levels that can affect your brain
91.1,Concerning Blood Oxygen levels
97.9,Normal Blood Oxygen levels
80.3,Low Blood Oxygen levels that can affect your brain
67.0,Cyanosis
82.5,Low Blood Oxygen levels that can affect your brain
90.9,Low Blood Oxygen levels
81.7,Low Blood Oxygen levels that can affect your brain
84.8,Low Blood Oxygen levels that can affect your brain
97.4,Normal Blood Oxygen levels
83.4,Low Blood Oxygen levels that can affect your brain
81.5,Low Blood Oxygen levels that can affect your brain
90.9,Low Blood Oxygen levels
90.0,Low Blood Oxygen levels
98.7,Normal Blood Oxygen levels
97.6,Normal Blood Oxygen levels
93.8,Concerning Blood Oxygen levels
91.7,Concerning Blood Oxygen levels
95.4,Normal Blood Oxygen levels
67.0,Cyanosis
92.8,Concerning Blood Oxygen levels
90.1,Low Blood Oxygen levels
90.5,Low Blood Oxygen levels
90.3,Low Blood Oxygen levels
90.9,Low Blood Oxygen levels
82.6,Low Blood Oxygen levels that can affect your brain
90.3,Low Blood Oxygen levels
80.0,Low Blood Oxygen levels that can affect your brain
90.1,Low Blood Oxygen levels
93.7,Concerning Blood Oxygen levels
95.6,Normal Blood Oxygen levels
90.7,Low Blood Oxygen levels
80.7,Low Blood Oxygen levels that can affect your brain
94.8,Concerning Blood Oxygen levels
67.0,Cyanosis
90.8,Low Blood Oxygen levels
95.9,Normal Blood Oxygen levels
95.5,Normal Blood Oxygen levels
94.4,Concerning Blood Oxygen levels
98.1,Normal Blood Oxygen levels
90.6,Low Blood Oxygen levels
90.9,Low Blood Oxygen levels
93.7,Concerning Blood Oxygen levels
67.0,Cyanosis
92.6,Concerning Blood Oxygen levels
95.9,Normal Blood Oxygen levels
91.0,Low Blood Oxygen levels
83.6,Low Blood Oxygen levels that can affect your brain
81.0,Low Blood Oxygen levels that can affect your brain
82.6,Low Blood Oxygen levels that can affect your brain
90.2,Low Blood Oxygen levels
83.3,Low Blood Oxygen levels that can affect your brain
92.6,Concerning Blood Oxygen levels
83.8,Low Blood Oxygen levels that can affect your brain
90.7,Low Blood Oxygen levels
90.1,Low Blood Oxygen levels
67.0,Cyanosis
90.8,Low Blood Oxygen levels
93.1,Concerning Blood Oxygen levels
91.7,Concerning Blood Oxygen levels
81.9,Low Blood Oxygen levels that can affect your brain
84.5,Low Blood Oxygen levels that can affect your brain
90.6,Low Blood Oxygen levels
82.8,Low Blood Oxygen levels that can affect your brain
91.0,Low Blood Oxygen levels
67.0,Cyanosis
96.1,Normal Blood Oxygen levels
84.1,Low Blood Oxygen levels that can affect your brain
90.6,Low Blood Oxygen levels
95.9,Normal Blood Oxygen levels
67.0,Cyanosis
83.4,Low Blood Oxygen levels that can affect your brain
95.4,Normal Blood Oxygen levels
93.8,Concerning Blood Oxygen levels
97.0,Normal Blood Oxygen levels
67.0,Cyanosis
90.3,Low Blood Oxygen levels
90.1,Low Blood Oxygen levels
90.4,Low Blood Oxygen levels
90.7,Low Blood Oxygen levels
99.6,Normal Blood Oxygen levels
90.4,Low Blood Oxygen levels
82.0,Low Blood Oxygen levels that can affect your brain
90.5,Low Blood Oxygen levels
67.0,Cyanosis
92.9,Concerning Blood Oxygen levels
98.1,Normal Blood Oxygen levels
90.6,Low Blood Oxygen levels
81.9,Low Blood Oxygen levels that can affect your brain
90.9,Low Blood Oxygen levels
90.1,Low Blood Oxygen levels
92.3,Concerning Blood Oxygen levels
67.0,Cyanosis
84.5,Low Blood Oxygen levels that can affect your brain
67.0,Cyanosis
90.1,Low Blood Oxygen levels
67.0,Cyanosis
90.6,Low Blood Oxygen levels
94.5,Concerning Blood Oxygen levels
82.7,Low Blood Oxygen levels that can affect your brain
82.8,Low Blood Oxygen levels that can affect your brain
84.1,Low Blood Oxygen levels that can affect your brain
92.4,Concerning Blood Oxygen levels
67.0,Cyanosis
81.5,Low Blood Oxygen levels that can affect your brain
90.8,Low Blood Oxygen levels
82.8,Low Blood Oxygen levels that can affect your brain
90.3,Low Blood Oxygen levels
96.6,Normal Blood Oxygen levels
90.1,Low Blood Oxygen levels
84.4,Low Blood Oxygen levels that can affect your brain
80.7,Low Blood Oxygen levels that can affect your brain
91.9,Concerning Blood Oxygen levels
98.7,Normal Blood Oxygen levels
90.3,Low Blood Oxygen levels
90.1,Low Blood Oxygen levels
94.1,Concerning Blood Oxygen levels
90.9,Low Blood Oxygen levels
92.7,Concerning Blood Oxygen levels
90.4,Low Blood Oxygen levels
67.0,Cyanosis
90.7,Low Blood Oxygen levels
90.1,Low Blood Oxygen levels
90.3,Low Blood Oxygen levels
67.0,Cyanosis
90.4,Low Blood Oxygen levels
81.1,Low Blood Oxygen levels that can affect your brain
93.4,Concerning Blood Oxygen levels
83.0,Low Blood Oxygen levels that can affect your brain
98.5,Normal Blood Oxygen levels
90.1,Low Blood Oxygen levels
96.8,Normal Blood Oxygen levels
90.8,Low Blood Oxygen levels
90.6,Low Blood Oxygen levels
92.2,Concerning Blood Oxygen levels
91.0,Low Blood Oxygen levels
92.5,Concerning Blood Oxygen levels
83.6,Low Blood Oxygen levels that can affect your brain
96.4,Normal Blood Oxygen levels
80.2,Low Blood Oxygen levels that can affect your brain
95.6,Normal Blood Oxygen levels
95.6,Normal Blood Oxygen levels
90.1,Low Blood Oxygen levels
67.0,Cyanosis
90.4,Low Blood Oxygen levels
96.1,Normal Blood Oxygen levels
